create table if not exists chat
(
    id          uuid PRIMARY KEY,
    name_chat   text,
    chat_id     uuid,
    recipient   uuid
);

create table if not exists message
(
    id          UUID PRIMARY KEY,
    sender_id    UUID,
    text_message text,
    date_Time_Sending_Message timestamptz
);

create table if not exists recipient
(
    id           UUID PRIMARY KEY,
    recipient_id  UUID
);

INSERT INTO chat (id, name_chat)
VALUES
    ('11111111-1111-1111-1111-111111111111', 'Chat 1'),
    ('22222222-2222-2222-2222-222222222222', 'Chat 2'),
    ('33333333-3333-3333-3333-333333333333', 'Chat 3'),
    ('44444444-4444-4444-4444-444444444444', 'Chat 4'),
    ('55555555-5555-5555-5555-555555555555', 'Chat 5'),
    ('66666666-6666-6666-6666-666666666666', 'Chat 6'),
    ('77777777-7777-7777-7777-777777777777', 'Chat 7'),
    ('88888888-8888-8888-8888-888888888888', 'Chat 8'),
    ('99999999-9999-9999-9999-999999999999', 'Chat 9'),
    ('aaaaaaaa-aaaa-aaaa-aaaa-aaaaaaaaaaaa', 'Chat 10');

INSERT INTO message (id, sender_id, text_message, date_Time_Sending_Message)
VALUES
    ('11111111-1111-1111-1111-111111111111', '11111111-1111-1111-1111-111111111111', 'Message 1', NOW()),
    ('22222222-2222-2222-2222-222222222222', '22222222-2222-2222-2222-222222222222', 'Message 2', NOW()),
    ('33333333-3333-3333-3333-333333333333', '33333333-3333-3333-3333-333333333333', 'Message 3', NOW()),
    ('44444444-4444-4444-4444-444444444444', '44444444-4444-4444-4444-444444444444', 'Message 4', NOW()),
    ('55555555-5555-5555-5555-555555555555', '55555555-5555-5555-5555-555555555555', 'Message 5', NOW()),
    ('66666666-6666-6666-6666-666666666666', '66666666-6666-6666-6666-666666666666', 'Message 6', NOW()),
    ('77777777-7777-7777-7777-777777777777', '77777777-7777-7777-7777-777777777777', 'Message 7', NOW()),
    ('88888888-8888-8888-8888-888888888888', '88888888-8888-8888-8888-888888888888', 'Message 8', NOW()),
    ('99999999-9999-9999-9999-999999999999', '99999999-9999-9999-9999-999999999999', 'Message 9', NOW()),
    ('aaaaaaaa-aaaa-aaaa-aaaa-aaaaaaaaaaaa', 'aaaaaaaa-aaaa-aaaa-aaaa-aaaaaaaaaaaa', 'Message 10', NOW());

INSERT INTO recipient (id, recipient_id)
VALUES
    ('11111111-1111-1111-1111-111111111111', '11111111-1111-1111-1111-111111111111'),
    ('22222222-2222-2222-2222-222222222222', '22222222-2222-2222-2222-222222222222'),
    ('33333333-3333-3333-3333-333333333333', '33333333-3333-3333-3333-333333333333'),
    ('44444444-4444-4444-4444-444444444444', '44444444-4444-4444-4444-444444444444'),
    ('55555555-5555-5555-5555-555555555555', '55555555-5555-5555-5555-555555555555'),
    ('66666666-6666-6666-6666-666666666666', '66666666-6666-6666-6666-666666666666'),
    ('77777777-7777-7777-7777-777777777777', '77777777-7777-7777-7777-777777777777'),
    ('88888888-8888-8888-8888-888888888888', '88888888-8888-8888-8888-888888888888'),
    ('99999999-9999-9999-9999-999999999999', '99999999-9999-9999-9999-999999999999');

